species_try,species,genus,family,cotyledon,pattern_cp,source_pattern
Chamaecyparis lawsoniana,Chamaecyparis lawsoniana,Chamaecyparis,Cupressaceae,Gymnosperm,P,"Chesnoy, 1969"
Platycladus orientalis,Platycladus orientalis,Platycladus,Cupressoideae,Gymnosperm,P,"Chesnoy, 1969"
Platycladus orientalis,Biota orientalis,Biota,Cupressaceae,Gymnosperm,P,"Chesnoy, 1969"
Acer rubrum,Acer rubrum,Acer,Aceraceae,Eudicot,M,"Corriveau and Coleman, 1988"
Aconitum carmichaeli,Aconitum arendsii,Aconitum,Ranunculaceae,Eudicot,M,"Corriveau and Coleman, 1988"
Allium cepa,Allium cepa,Allium,Liliaceae,Monocot,M,"Corriveau and Coleman, 1988"
Aloe brevifolia,Aloe brevifolia,Aloe,Liliaceae,Monocot,M,"Corriveau and Coleman, 1988"
Alopecurus pratensis,Alopecurus pratensis,Alopecurus,Poaceae,Monocot,M,"Corriveau and Coleman, 1988"
Althaea officinalis,Althaea officinalis,Althaea,Malvaceae,Eudicot,M,"Corriveau and Coleman, 1988"
Anthoxanthum odoratum,Anthoxanthum odoratum,Anthoxanthum,Poaceae,Monocot,M,"Corriveau and Coleman, 1988"
Antirrhinum majus,Antirrhinum majus,Antirrhinum,Scrophulariaceae,Eudicot,M,"Corriveau and Coleman, 1988"
Apios americana,Apios americana,Apios,Fabaceae,Eudicot,M,"Corriveau and Coleman, 1988"
Aquilegia canadensis,Aquilegia canadensis,Aquilegia,Ranunculaceae,Eudicot,M,"Corriveau and Coleman, 1988"
Arabidopsis thaliana,Arabidopsis thaliana,Arabidopsis,Brassicaceae,Eudicot,M,"Corriveau and Coleman, 1988"
Arabis caucasica,Arabis albida,Arabis,Brassicaceae,Eudicot,M,"Corriveau and Coleman, 1988"
Arachis hypogaea,Arachis hypogaea,Arachis,Fabaceae,Eudicot,M,"Corriveau and Coleman, 1988"
Aristolochia littoralis,Aristolochia elegans,Aristolochia,Aristolochiaceae,Eudicot,M,"Corriveau and Coleman, 1988"
Artemisia absinthium,Artemisia absinthium,Artemisia,Asteraceae,Eudicot,M,"Corriveau and Coleman, 1988"
Asclepias syriaca,Asclepias syriaca,Asclepias,Asclepiadaceae,Eudicot,M,"Corriveau and Coleman, 1988"
Astragalus cicer,Astragalus cicer,Astragalus,Fabaceae,Eudicot,M,"Corriveau and Coleman, 1988"
Atropa belladonna,Atropa belladonna,Atropa,Solanaceae,Eudicot,M,"Corriveau and Coleman, 1988"
Avena sativa,Avena sativa,Avena,Poaceae,Monocot,M,"Corriveau and Coleman, 1988"
Beta vulgaris,Beta vulgaris,Beta,Chenopodiaceae,Eudicot,M,"Corriveau and Coleman, 1988"
Brassica napus,Brassica napus,Brassica,Brassicaceae,Eudicot,M,"Corriveau and Coleman, 1988"
Broughtonia sanguinea,Broughtonia sanguinea,Broughtonia,Orchidaceae,Monocot,M,"Corriveau and Coleman, 1988"
Calliandra eriophylla,Calliandra eriophylla,Calliandra,Fabaceae,Eudicot,M,"Corriveau and Coleman, 1988"
Camellia sinensis,Camellia sinensis,Camellia,Theaceae,Eudicot,M,"Corriveau and Coleman, 1988"
Campanula alliariifolia,Campanula alliariifolia,Campanula,Campanulaceae,Eudicot,B,"Corriveau and Coleman, 1988"
Campanula carpatica,Campanula carpatica,Campanula,Campanulaceae,Eudicot,B,"Corriveau and Coleman, 1988"
Campanula rapunculoides,Campanula rapunculoides,Campanula,Campanulaceae,Eudicot,B,"Corriveau and Coleman, 1988"
Campsis radicans,Campsis radicans,Campsis,Bignoniaceae,Eudicot,M,"Corriveau and Coleman, 1988"
Capsicum annuum,Capsicum annuum,Capsicum,Solanaceae,Eudicot,M,"Corriveau and Coleman, 1988"
Ceratostigma plumbaginoides,Plumbago larpentae,Plumbago,Plumbaginaceae,Eudicot,B,"Corriveau and Coleman, 1988"
Cercis canadensis,Cercis canadensis,Cercis,Fabaceae,Eudicot,M,"Corriveau and Coleman, 1988"
Chelidonium majus,Chelidonium majus,Chelidonium,Papaveraceae,Eudicot,M,"Corriveau and Coleman, 1988"
Chenopodium album,Chenopodium album,Chenopodium,Chenopodiaceae,Eudicot,M,"Corriveau and Coleman, 1988"
Chlorophytum capense,Chlorophytum elatum,Chlorophytum,Liliaceae,Monocot,B,"Corriveau and Coleman, 1988"
Chlorophytum comosum,Chlorophytum comosum,Chlorophytum,Liliaceae,Monocot,B,"Corriveau and Coleman, 1988"
Cicer arietinum,Cicer arietinum,Cicer,Fabaceae,Eudicot,B,"Corriveau and Coleman, 1988"
Cichorium intybus,Cichorium intybus,Cichorium,Asteraceae,Eudicot,M,"Corriveau and Coleman, 1988"
Citrus aurantium,Citris aurantium,Citris,Rutaceae,Eudicot,M,"Corriveau and Coleman, 1988"
Cleome spinosa,Cleome spinosa,Cleome,Capparaceae,Eudicot,M,"Corriveau and Coleman, 1988"
Cocculus laurifolius,Cocculus laurifolius,Cocculus,Menispermaceae,Eudicot,M,"Corriveau and Coleman, 1988"
Coffea arabica,Coffea arabica,Coffea,Rubiaceae,Eudicot,M,"Corriveau and Coleman, 1988"
Coix lacryma-jobi,Coix lacryma-jobi,Coix,Poaceae,Monocot,M,"Corriveau and Coleman, 1988"
Cornus florida,Comus florida,Comus,Cornaceae,Eudicot,M,"Corriveau and Coleman, 1988"
Cucumis sativus,Cucumis sativus,Cucumis,Cucurbitaceae,Eudicot,M,"Corriveau and Coleman, 1988"
Cymbalaria muralis,Cymbalaria muralis,Cymbalaria,Scrophulariaceae,Eudicot,M,"Corriveau and Coleman, 1988"
Cypripedium acaule,Cypripedium acaule,Cypripedium,Orchidaceae,Monocot,M,"Corriveau and Coleman, 1988"
Datura stramonium,Datura stramonium,Datura,Solanaceae,Eudicot,M,"Corriveau and Coleman, 1988"
Daucus carota,Daucus carota,Daucus,Apiaceae,Eudicot,M,"Corriveau and Coleman, 1988"
Dendrobium acinaciforme,Dendrobium acinaciforme,Dendrobium,Orchidaceae,Eudicot,M,"Corriveau and Coleman, 1988"
Digitaria ischaemum,Digitaria ischaemum,Digitaria,Poaceae,Monocot,M,"Corriveau and Coleman, 1988"
Dionaea muscipula,Dionaea muscipula,Dionaea,Droseraceae,Eudicot,B,"Corriveau and Coleman, 1988"
Drosera capillaris,Drosera capillaris,Drosera,Droseraceae,Eudicot,B,"Corriveau and Coleman, 1988"
Echinocereus engelmannii,Echinocereus engelmannii,Echinocereus,Cactaceae,Eudicot,M,"Corriveau and Coleman, 1988"
Echinochloa muricata,Echinochloa pungens,Echinochloa,Poaceae,Monocot,M,"Corriveau and Coleman, 1988"
Echium vulgare,Echium vulgare,Echium,Boraginaceae,Eudicot,M,"Corriveau and Coleman, 1988"
Encyclia tampensis,Epidendrum tampense,Epidendrum,Orchidaceae,Monocot,M,"Corriveau and Coleman, 1988"
Epilobium angustifolium,Epilobium augustifolium,Epilobium,Onagraceae,Eudicot,M,"Corriveau and Coleman, 1988"
Eschscholzia californica,Eschscholzia californica,Eschscholzia,Papaveraceae,Eudicot,M,"Corriveau and Coleman, 1988"
Euphorbia pulcherrima,Euphorbia pulcherrima,Euphorbia,Euphorbiaceae,Eudicot,M,"Corriveau and Coleman, 1988"
Fagopyrum esculentum,Fagopyrum esculentum,Fagopyrum,Polygonaceae,Eudicot,M,"Corriveau and Coleman, 1988"
Fenestraria rhopalophylla,Fenestraria rhopalophylla,Fenestraria,Aizoaceae,Eudicot,B,"Corriveau and Coleman, 1988"
Foeniculum vulgare,Foeniculum vulgare,Foeniculum,Apiaceae,Eudicot,M,"Corriveau and Coleman, 1988"
Gentiana punctata,Gentiana punctata,Gentiana,Gentianaceae,Eudicot,M,"Corriveau and Coleman, 1988"
Geranium maculatum,Geranium maculatum,Geranium,Geraniaceae,Eudicot,B,"Corriveau and Coleman, 1988"
Geranium pratense,Geranium pratense,Geranium,Geraniaceae,Eudicot,B,"Corriveau and Coleman, 1988"
Geranium sanguineum,Geranium sanguineum,Geranium,Geraniaceae,Eudicot,B,"Corriveau and Coleman, 1988"
Glycine canescens,Glycine canescens,Glycine,Fabaceae,Eudicot,M,"Corriveau and Coleman, 1988"
Glycine clandestina,Glycine clandestina,Glycine,Fabaceae,Eudicot,M,"Corriveau and Coleman, 1988"
Glycine falcata,Glycine falcata,Glycine,Fabaceae,Eudicot,M,"Corriveau and Coleman, 1988"
Glycine max,Glycine max,Glycine,Fabaceae,Eudicot,M,"Corriveau and Coleman, 1988"
Glycine microphylla,Glycine microphylla,Glycine,Fabaceae,Eudicot,M,"Corriveau and Coleman, 1988"
Glycine soja,Glycine soja,Glycine,Fabaceae,Eudicot,M,"Corriveau and Coleman, 1988"
Glycine tabacina,Glycine latifolia,Glycine,Fabaceae,Eudicot,M,"Corriveau and Coleman, 1988"
Glycine tabacina,Glycine tabacina,Glycine,Fabaceae,Eudicot,M,"Corriveau and Coleman, 1988"
Glycine tomentella,Glycine tomentella,Glycine,Fabaceae,Eudicot,M,"Corriveau and Coleman, 1988"
Gossypium hirsutum,Gossypium hirsutum,Gossypium,Malvaceae,Eudicot,M,"Corriveau and Coleman, 1988"
Grindelia squarrosa,Grindelia squarrosa,Grindelia,Asteraceae,Eudicot,M,"Corriveau and Coleman, 1988"
Hamamelis virginiana,Hamamelis virginiana,Hamamelis,Hamamelidaceae,Eudicot,M,"Corriveau and Coleman, 1988"
Helianthus annuus,Helianthus annuus,Helianthus,Asteraceae,Eudicot,M,"Corriveau and Coleman, 1988"
Hemerocallis fulva,Hemerocallis fulva,Hemerocallis,Liliaceae,Monocot,M,"Corriveau and Coleman, 1988"
Hibiscus syriacus,Hibiscus syriacus,Hibiscus,Malvaceae,Eudicot,M,"Corriveau and Coleman, 1988"
Hordeum vulgare,Hordeum vulgare,Hordeum,Poaceae,Monocot,M,"Corriveau and Coleman, 1988"
Hydrangea arborescens,Hydrangea arborescens,Hydrangea,Hydrangeaceae,Eudicot,M,"Corriveau and Coleman, 1988"
Hydrophyllum virginianum,Hydrophyllum virginianum,Hydrophyllum,Hydrophyllaceae,Eudicot,M,"Corriveau and Coleman, 1988"
Hymenosporum flavum,Hymenosporum jlavum,Hymenosporum,Pittosporaceae,Eudicot,M,"Corriveau and Coleman, 1988"
Hyoscyamus niger,Hyoscyamus niger,Hyoscyamus,Solanaceae,Eudicot,M,"Corriveau and Coleman, 1988"
Hypericum perforatum,Hypericum perforatum,Hypericum,Clusiaceae,Eudicot,B,"Corriveau and Coleman, 1988"
Impatiens capensis,Impatiens capensis,Impatiens,Balsaminaceae,Eudicot,M,"Corriveau and Coleman, 1988"
Ipomoea nil,Ipomoea nil,Ipomoea,Convolvulaceae,Eudicot,B,"Corriveau and Coleman, 1988"
Iris versicolor,Iris versicolor,Iris,lridaceae,Monocot,M,"Corriveau and Coleman, 1988"
Justicia brandegeeana,Beloperone guttata,Beloperone,Acanthaceae,Eudicot,M,"Corriveau and Coleman, 1988"
Kalanchoe daigremontiana,Kalanchoe daigremontiana,Kalanchoe,Crassulaceae,Eudicot,M,"Corriveau and Coleman, 1988"
Lathyrus japonicus,Lathyrus japonicus,Lathyrus,Fabaceae,Eudicot,B,"Corriveau and Coleman, 1988"
Lathyrus odoratus,Lathyrus odoratus,Lathyrus,Fabaceae,Eudicot,B,"Corriveau and Coleman, 1988"
Lens culinaris,Lens culinaris,Lens,Fabaceae,Eudicot,M,"Corriveau and Coleman, 1988"
Lepidium virginicum,Lepidium virginicum,Lepidium,Brassicaceae,Eudicot,M,"Corriveau and Coleman, 1988"
Lilium superbum,Lilium superbum,Lilium,Liliaceae,Monocot,M,"Corriveau and Coleman, 1988"
Limonium carolinianum,Limonium carolinianum,Limonium,Plumbaginaceae,Eudicot,M,"Corriveau and Coleman, 1988"
Linaria vulgaris,Linaria vulgaris,Linaria,Scrophulariaceae,Eudicot,M,"Corriveau and Coleman, 1988"
Linnaea borealis,Linnaea borealis,Linnaea,Caprifoliaceae,Eudicot,B,"Corriveau and Coleman, 1988"
Linum usitatissimum,Linum usitatissimum,Linum,Linaceae,Eudicot,M,"Corriveau and Coleman, 1988"
Liriodendron tulipifera,Liriodendron tulipifera,Liriodendron,Magnoliaceae,Eudicot,M,"Corriveau and Coleman, 1988"
Lobelia syphilitica,Lobelia syphilitica,Lobelia,Campanulaceae,Eudicot,B,"Corriveau and Coleman, 1988"
Lolium perenne,Lolium perenne,Lolium,Poaceae,Monocot,M,"Corriveau and Coleman, 1988"
Lonicera japonica,Lonicera japonica,Lonicera,Caprifoliaceae,Eudicot,B,"Corriveau and Coleman, 1988"
Lotus corniculatus,Lotus corniculatus,Lotus,Fabaceae,Eudicot,M,"Corriveau and Coleman, 1988"
Lupinus perennis,Lupinus perennis,Lupinus,Fabaceae,Eudicot,M,"Corriveau and Coleman, 1988"
Lycopersicon esculentum,Lycopersicon esculentum,Lycopersicon,Solanaceae,Eudicot,M,"Corriveau and Coleman, 1988"
Lysimachia clethroides,Lysimachia clethroides,Lysimachia,Primulaceae,Eudicot,M,"Corriveau and Coleman, 1988"
Manihot esculenta,Manihot esculenta,Manihot,Euphorbiaceae,Eudicot,M,"Corriveau and Coleman, 1988"
Medicago sativa,Medicago sativa,Medicago,Fabaceae,Eudicot,B,"Corriveau and Coleman, 1988"
Melilotus albus,Melilotus alba,Melilotus,Fabaceae,Eudicot,B,"Corriveau and Coleman, 1988"
Melilotus indicus,Melilotus indica,Melilotus,Fabaceae,Eudicot,B,"Corriveau and Coleman, 1988"
Melilotus officinalis,Melilotus officinalis,Melilotus,Fabaceae,Eudicot,B,"Corriveau and Coleman, 1988"
Mentha verticillata,Mentha verticillata,Mentha,Lamiaceae,Eudicot,M,"Corriveau and Coleman, 1988"
Mirabilis jalapa,Mirabilis jalapa,Mirabilis,Nyctaginaceae,Eudicot,M,"Corriveau and Coleman, 1988"
Monarda fistulosa,Monarda fistulosa,Monarda,Lamiaceae,Eudicot,M,"Corriveau and Coleman, 1988"
Monstera deliciosa,Monstera deliciosa,Monstera,Araceae,Monocot,M,"Corriveau and Coleman, 1988"
Morus alba,Morus alba,Morus,Moraceae,Eudicot,M,"Corriveau and Coleman, 1988"
Nepeta cataria,Nepeta cataria,Nepeta,Lamiaceae,Eudicot,M,"Corriveau and Coleman, 1988"
Nerine sarniensis,Nerine curvifolia,Nerine,Liliaceae,Monocot,M,"Corriveau and Coleman, 1988"
Nicotiana glauca,Nicotiana glauca,Nicotiana,Solanaceae,Eudicot,M,"Corriveau and Coleman, 1988"
Nicotiana glutinosa,Nicotiana glutinosa,Nicotiana,Solanaceae,Eudicot,M,"Corriveau and Coleman, 1988"
Nicotiana rustica,Nicotiana rustica,Nicotiana,Solanaceae,Eudicot,M,"Corriveau and Coleman, 1988"
Nicotiana tabacum,Nicotiana tabacum,Nicotiana,Solanaceae,Eudicot,M,"Corriveau and Coleman, 1988"
Nicotiana trigonophylla,Nicotiana trigonophylla,Nicotiana,Solanaceae,Eudicot,M,"Corriveau and Coleman, 1988"
Nigella damascena,Nigella damescena,Nigella,Ranunculaceae,Eudicot,M,"Corriveau and Coleman, 1988"
Nymphaea colorata,Nymphaea colorata,Nymphaea,Nymphaeaceae,Eudicot,M,"Corriveau and Coleman, 1988"
Oenothera biennis,Oenothera biennis,Oenothera,Onagraceae,Eudicot,B,"Corriveau and Coleman, 1988"
Oenothera elata ssp. hookeri,Oenothera hookeri,Oenothera,Onagraceae,Eudicot,B,"Corriveau and Coleman, 1988"
Oenothera macrosceles,Oenothera macrosceles,Oenothera,Onagraceae,Eudicot,B,"Corriveau and Coleman, 1988"
Oenothera oakesiana,Oenothera ammophila,Oenothera,Onagraceae,Eudicot,B,"Corriveau and Coleman, 1988"
Oenothera perennis,Oenothera perennis,Oenothera,Onagraceae,Eudicot,B,"Corriveau and Coleman, 1988"
Opuntia basilaris,Opuntia basilaris,Opuntia,Cactaceae,Eudicot,M,"Corriveau and Coleman, 1988"
Opuntia engelmannii,Opuntia engelmannii,Opuntia,Cactaceae,Eudicot,M,"Corriveau and Coleman, 1988"
Opuntia humifusa,Opuntia vulgaris,Opuntia,Cactaceae,Eudicot,M,"Corriveau and Coleman, 1988"
Origanum vulgare,Origanum vulgare,Origanum,Lamiaceae,Eudicot,M,"Corriveau and Coleman, 1988"
Oryza sativa,Oryza sativa,Oryza,Poaceae,Monocot,M,"Corriveau and Coleman, 1988"
Oxalis stricta,Oxalis europaea,Oxalis,Oxalidaceae,Eudicot,M,"Corriveau and Coleman, 1988"
Panicum miliaceum,Panicum miliaceum,Panicum,Poaceae,Monocot,M,"Corriveau and Coleman, 1988"
Paphiopedilum micranthum,Paphiopedilum micranthum,Paphiopedilum,Orchidaceae,Monocot,M,"Corriveau and Coleman, 1988"
Parkinsonia aculeata,Parkinsonia aculeata,Parkinsonia,Fabaceae,Eudicot,M,"Corriveau and Coleman, 1988"
Passiflora edulis,Passiflora edulis,Passiflora,Passifloraceae,Eudicot,B,"Corriveau and Coleman, 1988"
Pelargonium peltatum,Pelargonium peltatum,Pelargonium,Geraniaceae,Eudicot,B,"Corriveau and Coleman, 1988"
Pelargonium x hortorum,P. _ hortorum (zonale),P.,Geraniaceae,Eudicot,B,"Corriveau and Coleman, 1988"
Petunia hybrida,Petunia hybrida,Petunia,Solanaceae,Eudicot,M,"Corriveau and Coleman, 1988"
Phaseolus aureus,Phaseolus aureus,Phaseolus,Fabaceae,Eudicot,M,"Corriveau and Coleman, 1988"
Phaseolus vulgaris,Phaseolus vulgaris,Phaseolus,Fabaceae,Eudicot,M,"Corriveau and Coleman, 1988"
Phleum pratense,Phleum pratense,Phleum,Poaceae,Monocot,M,"Corriveau and Coleman, 1988"
Phlox divaricata,Phlox divaricata,Phlox,Polemoniaceae,Eudicot,M,"Corriveau and Coleman, 1988"
Phoenix roebelenii,Phoenix roebelenii,Phoenix,Arecaceae,Monocot,M,"Corriveau and Coleman, 1988"
Phragmipedium longifolium,Phragmipedium longifolium,Phragmipedium,Orchidaceae,Monocot,M,"Corriveau and Coleman, 1988"
Phragmipedium warszewiczianum,Phragmipedium warscewiczianum,Phragmipedium,Orchidaceae,Monocot,M,"Corriveau and Coleman, 1988"
Physalis alkekengi,Physalis alkekengi,Physalis,Solanaceae,Eudicot,M,"Corriveau and Coleman, 1988"
Phytolacca americana,Phytolacca americana,Phytolacca,Phytolaccaceae,Eudicot,M,"Corriveau and Coleman, 1988"
Pisum sativum,Pisum sativum,Pisum,Fabaceae,Eudicot,B,"Corriveau and Coleman, 1988"
Plantago indica,Plantago psyllium,Plantago,Plantaginaceae,Eudicot,M,"Corriveau and Coleman, 1988"
Plantago lanceolata,Plantago lanceolata,Plantago,Plantaginaceae,Eudicot,M,"Corriveau and Coleman, 1988"
Plantago major,Plantago major,Plantago,Plantaginaceae,Eudicot,M,"Corriveau and Coleman, 1988"
Platycodon grandiflorus,Platycodon grandiflorum,Platycodon,Campanulaceae,Eudicot,B,"Corriveau and Coleman, 1988"
Plumbago auriculata,Plumbago auriculata,Plumbago,Plumbaginaceae,Eudicot,B,"Corriveau and Coleman, 1988"
Plumbago auriculata,Plumbago capensis,Plumbago,Plumbaginaceae,Eudicot,B,"Corriveau and Coleman, 1988"
Plumbago zeylanica,Plumbago zeylanica,Plumbago,Plumbaginaceae,Eudicot,B,"Corriveau and Coleman, 1988"
Plumeria rubra,Plumeria rubra,Plumeria,Apocynaceae,Eudicot,M,"Corriveau and Coleman, 1988"
Poa pratensis,Poa pratensis,Poa,Poaceae,Monocot,M,"Corriveau and Coleman, 1988"
Pyracantha coccinea,Pyracantha coccinea,Pyracantha,Rosaceae,Eudicot,M,"Corriveau and Coleman, 1988"
Ranunculus acris,Ranunculus acris,Ranunculus,Ranunculaceae,Eudicot,M,"Corriveau and Coleman, 1988"
Restrepia trichoglossa,Restrepia filamentosa,Restrepia,Orchidaceae,Monocot,M,"Corriveau and Coleman, 1988"
Rhododendron maximum,Rhododendron maximum,Rhododendron,Ericaceae,Eudicot,B,"Corriveau and Coleman, 1988"
Ricinus communis,Ricinus communis,Ricinus,Euphorbiaceae,Eudicot,M,"Corriveau and Coleman, 1988"
Rosa rugosa,Rosa rugosa,Rosa,Rosaceae,Eudicot,M,"Corriveau and Coleman, 1988"
Rumex acetosella,Rumex acetosella,Rumex,Polygonaceae,Eudicot,M,"Corriveau and Coleman, 1988"
Rumex crispus,Rumex crispus,Rumex,Polygonaceae,Eudicot,M,"Corriveau and Coleman, 1988"
Saponaria officinalis,Saponaria ojjicinalis,Saponaria,Caryophyllaceae,Eudicot,M,"Corriveau and Coleman, 1988"
Schlumbergera truncata,Zygocactus truncatus,Zygocactus,Cactaceae,Eudicot,B,"Corriveau and Coleman, 1988"
Scrophularia marilandica,Scrophularia marilandica,Scrophularia,Scrophulariaceae,Eudicot,M,"Corriveau and Coleman, 1988"
Secale cereale,Secale cereale,Secale,Poaceae,Monocot,M,"Corriveau and Coleman, 1988"
Securigera varia,Coronilla varia,Coronilla,Fabaceae,Eudicot,M,"Corriveau and Coleman, 1988"
Senna marilandica,Cassia marylandica,Cassia,Fabaceae,Eudicot,M,"Corriveau and Coleman, 1988"
Sesamum indicum,Sesamum indicum,Sesamum,Pedaliaceae,Eudicot,M,"Corriveau and Coleman, 1988"
Silene latifolia subsp. alba,Lychnis alba,Lychnis,Caryophyllaceae,Eudicot,M,"Corriveau and Coleman, 1988"
Solanum carolinense,Solanum carolinense,Solanum,Solanaceae,Eudicot,M,"Corriveau and Coleman, 1988"
Solanum dulcamara,Solanum dulcamara,Solanum,Solanaceae,Eudicot,M,"Corriveau and Coleman, 1988"
Solanum tuberosum,Solanum tuberosum,Solanum,Solanaceae,Eudicot,M,"Corriveau and Coleman, 1988"
Solidago speciosa,Solidago speciosa,Solidago,Asteraceae,Eudicot,M,"Corriveau and Coleman, 1988"
Sorghum bicolor,Sorghum vulgare,Sorghum,Poaceae,Monocot,M,"Corriveau and Coleman, 1988"
Strelitzia reginae,Strelitzia reginae,Strelitzia,Strelitziaceae,Monocot,B,"Corriveau and Coleman, 1988"
Syringa vulgaris,Syringa vulgaris,Syringa,Oleaceae,Eudicot,M,"Corriveau and Coleman, 1988"
Tetrapanax papyrifer,Tetrapanax papyriferus,Tetrapanax,Araliaceae,Eudicot,M,"Corriveau and Coleman, 1988"
Tillandsia recurvata,Tillandsia recurvata,Tillandsia,Bromeliaceae,Monocot,M,"Corriveau and Coleman, 1988"
Tradescantia virginiana,Trandescantia virginiana,Trandescantia,Commelinaceae,Monocot,M,"Corriveau and Coleman, 1988"
Trifolium arvense,Trifolium arvense,Trifolium,Fabaceae,Eudicot,M,"Corriveau and Coleman, 1988"
Trifolium hybridum,Trifolium hybridum,Trifolium,Fabaceae,Eudicot,M,"Corriveau and Coleman, 1988"
Trifolium pratense,Trifolium pratense,Trifolium,Fabaceae,Eudicot,M,"Corriveau and Coleman, 1988"
Trifolium repens,Trifolium repens,Trifolium,Fabaceae,Eudicot,M,"Corriveau and Coleman, 1988"
Triticale,Triticale ,Triticale,Poaceae,Monocot,M,"Corriveau and Coleman, 1988"
Triticum aestivum,Triticum aestivum,Triticum,Poaceae,Monocot,M,"Corriveau and Coleman, 1988"
Tropaeolum majus,Tropaeolum majus,Tropaeolum,Tropaeolaceae,Eudicot,M,"Corriveau and Coleman, 1988"
Typha latifolia,Typha latifolia,Typha,Typhaceae,Monocot,M,"Corriveau and Coleman, 1988"
Ulmus americana,Ulmus americana,Ulmus,Ulmaceae,Eudicot,M,"Corriveau and Coleman, 1988"
Verbascum thapsus,Verbascum thapsus,Verbascum,Scrophulariaceae,Eudicot,M,"Corriveau and Coleman, 1988"
Verbena hastata,Verbena hastata,Verbena,Verbenaceae,Eudicot,M,"Corriveau and Coleman, 1988"
Vicia faba,Vicia faba,Vicia,Fabaceae,Eudicot,M,"Corriveau and Coleman, 1988"
Vicia villosa,Vicia villosa,Vicia,Fabaceae,Eudicot,M,"Corriveau and Coleman, 1988"
Vigna sinensis,Vigna sinensis,Vigna,Fabaceae,Eudicot,M,"Corriveau and Coleman, 1988"
Vinca minor,Vinca minor,Vinca,Apocynaceae,Eudicot,M,"Corriveau and Coleman, 1988"
Viola tricolor,Viola tricolor,Viola,Violaceae,Eudicot,M,"Corriveau and Coleman, 1988"
Vitis vinifera,Vitis vinifera,Vitis,Vitaceae,Eudicot,M,"Corriveau and Coleman, 1988"
Wisteria sinensis,Wisteria sinensis,Wisteria,Fabaceae,Eudicot,B,"Corriveau and Coleman, 1988"
Yucca filamentosa,Yucca filamentosa,Yucca,Liliaceae,Monocot,M,"Corriveau and Coleman, 1988"
Zea mays,Zea mays,Zea,Poaceae,Monocot,M,"Corriveau and Coleman, 1988"
Zingiber officinale,Zingiber officinale,Zingiber,Zingiberaceae,Monocot,M,"Corriveau and Coleman, 1988"
Zizania aquatica,Zizania aquatica,Zizania,Poaceae,Monocot,M,"Corriveau and Coleman, 1988"
,Eranthemum nervosum,Eranthemum,Acanthaceae,Eudicot,M,"Corriveau and Coleman, 1988"
,Saintpaulia hybrida,Saintpaulia,Gesneriaceae,Eudicot,M,"Corriveau and Coleman, 1988"
,Streptocarpus sp.,Streptocarpus,Gesneriaceae,Eudicot,M,"Corriveau and Coleman, 1988"
,Philadelphus sp.,Philadelphus,Hydrangeaceae,Eudicot,M,"Corriveau and Coleman, 1988"
,Coleus blumei,Coleus,Lamiaceae,Eudicot,M,"Corriveau and Coleman, 1988"
,Magnolia sp.,Magnolia,Magnoliaceae,Eudicot,M,"Corriveau and Coleman, 1988"
,Oenothera grandiflora,Oenothera,Onagraceae,Eudicot,B,"Corriveau and Coleman, 1988"
,Peperomia griseo-argentea,Peperomia,Piperaceae,Eudicot,M,"Corriveau and Coleman, 1988"
,Clematis sp.,Clematis,Ranunculaceae,Eudicot,M,"Corriveau and Coleman, 1988"
,Doronicum cordatum,Doronicum,Asteraceae,Eudicot,M,"Corriveau and Coleman, 1988"
,Brassica campestris,Brassica,Brassicaceae,Eudicot,M,"Corriveau and Coleman, 1988"
,Brassica oleracea ,Brassica,Brassicaceae,Eudicot,M,"Corriveau and Coleman, 1988"
,Raphanus sativus,Raphanus,Brassicaceae,Eudicot,M,"Corriveau and Coleman, 1988"
,Rhipsalidopsis gaertneri,Rhipsalidopsis,Cactaceae,Eudicot,B,"Corriveau and Coleman, 1988"
,Sambucus sp.,Sambucus,Caprifoliaceae,Eudicot,M,"Corriveau and Coleman, 1988"
,Glycine crytoloba,Glycine,Fabaceae,Eudicot,M,"Corriveau and Coleman, 1988"
,Cattleya hyb.,Cattleya,Orchidaceae,Monocot,M,"Corriveau and Coleman, 1988"
,Cymbidium hyb.,Cymbidium,Orchidaceae,Monocot,M,"Corriveau and Coleman, 1988"
,Epidendrum cochleatum,Epidendrum,Orchidaceae,Monocot,M,"Corriveau and Coleman, 1988"
,Ornithophora radicans,Ornithophora,Orchidaceae,Monocot,M,"Corriveau and Coleman, 1988"
,Paphiopedilum concolor,Paphiopedilum,Orchidaceae,Monocot,M,"Corriveau and Coleman, 1988"
,"Cuscuta sp,",Cuscuta,Cuscutaceae,,M,"Corriveau and Coleman, 1988"
Musa acuminata,Musa acuminata,Musa,Musaceae,Monocot,M,"Fauré et al., 1994"
Cephalotaxus harringtonii,Cephalotaxus drupacea,Cephalotaxus,Cephalotaxaceae,Gymnosperm,P,"Gianordoli, 1974"
Agathis robusta,Agathis robusta,Agathis,Araucariaceae,Gymnosperm,P,"Kaur and S. P. Bhatnagar, 1984"
Cunninghamia konishii,Cunninghamia konishii ,Cunninghamia,Cupressaceae,Gymnosperm,M,"Lu et al., 2001"
Pinus taeda,Pinus taeda,Pinus,Pinaceae,Gymnosperm,P,"Neale and Sederoff, 1989"
Calocedrus decurrens,Calocedrus decurrens,Calocedrus,Cupressaceae,Gymnosperm,P,"Neale et al., 1991"
Sequoia sempervirens,Sequoia sempervirens,Sequoia,Cupressaceae,Gymnosperm,P,"Neale et al., 1989"
Pseudotsuga menziesii,Pseudotsuga menziesii,Pseudotsuga,Pinaceae,Gymnosperm,P,"Neale et al., 1986"
Cryptomeria japonica,Cryptomeria japonica,Cryptomeria,Cupressaceae,Gymnosperm,P,"Ohba et al., 1971"
Chamaecyparis obtusa,Chamaecyparis obtusa,Chamaecyparis,Cupressoideae,Gymnosperm,P,"Shiraishi et al., 2001"
Picea glauca,Picea glauca,Picea,Pinaceae,Gymnosperm,P,"Stine et al., 1989"
Picea pungens,Picea pungens,Picea,Pinaceae,Gymnosperm,P,"Stine et al., 1989"
Larix decidua,Larix decidua,Larix,Pinaceae,Gymnosperm,B,"Szmidt et al., 1987"
Larix kaempferi,Larix leptolepis,Larix,Pinaceae,Gymnosperm,B,"Szmidt et al., 1987"
Pinus banksiana,Pinus banksiana,Pinus,Pinaceae,Gymnosperm,P,"Wagner et al., 1989"
Pinus echinata,Pinus echinata,Pinus,Pinaceae,Gymnosperm,P,"Wagner et al., 1992"
Pinus elliottii,Pinus elliotii,Pinus,Pinaceae,Gymnosperm,P,"Wagner et al., 1992"
Pinus radiata,Pinus radiata,Pinus,Pinaceae,Gymnosperm,P,"Cato and Richardson, 1996"
Pinus monticola,Pinus monticola ,Pinus,Pinaceae,Gymnosperm,P,"White, 1990"
Acacia decurrens,Acacia decurrens,Acacia,Fabaceae,Eudicot,RP,"Reboud and Zeyl, 1994"
Acacia mearnsii,Acacia mearnsii,Acacia,Fabaceae,Eudicot,RP,"Reboud and Zeyl, 1994"
Borago officinalis,Borago officinalis,Borago,Boraginaceae,Eudicot,RP,"Reboud and Zeyl, 1994"
Browallia speciosa,Browallia speciosa,Browallia,Solanaceae,Eudicot,RP,"Reboud and Zeyl, 1994"
Epilobium hirsutum,Epilobium hirsutum,Epilobium,Onagraceae,Eudicot,B,"Reboud and Zeyl, 1994"
Hypericum tetrapterum,Hypericum acutum,Hypericum,Clusiaceae,Eudicot,B,"Reboud and Zeyl, 1994"
Impatiens glandulifera,Impatiens glandulifera,Impatiens,Balsaminaceae,Eudicot,RP,"Reboud and Zeyl, 1994"
Medicago truncatula,Medicago truncatula,Medicago,Fabaceae,Eudicot,RP,"Reboud and Zeyl, 1994"
Nicotiana plumbaginifolia,Nicotiana plumbaginifolia,Nicotiana,Solanaceae,Eudicot,RP,"Reboud and Zeyl, 1994"
Poa annua,Poa annua,Poa,Poaceae,Monocot,RP,"Reboud and Zeyl, 1994"
Silene otites,Silene pseudotites,Silene,Caryophyllaceae,Eudicot,RP,"Reboud and Zeyl, 1994"
,Glycine subgenus soya,Glycine,Fabaceae,Eudicot,M,"Reboud and Zeyl, 1994"
,Pennisetum americanum,Pennisetum,Poaceae,Monocot,B,"Reboud and Zeyl, 1994"
,Triticum vulgare,Triticum,Poaceae,Monocot,M,"Reboud and Zeyl, 1994"
Abelia biflora,Abelia biflora,Abelia,Caprifoliaceae,Eudicot,B,"Zhang et al., 2003"
Abelia chinensis,Abelia chinensis,Abelia,Caprifoliaceae,Eudicot,B/M,"Zhang et al., 2003"
Aconitum alboviolaceum,Aconitum alboviolaceum,Aconitum,Ranuncalaceae,Eudicot,M,"Zhang et al., 2003"
Actinidia deliciosa,Actinidia deliciosa,Actinidia,Actinidiaceae,Eudicot,B,"Zhang et al., 2003"
Adenophora divaricata,Adenophora divaricata,Adenophora,Campanulaceae,Eudicot,B,"Zhang et al., 2003"
Aesculus chinensis,Aesculus chinensis,Aesculus,Hippocastansceae,Eudicot,M,"Zhang et al., 2003"
Agastache rugosa,Agastache rugosa,Agastache,Labiatae,Eudicot,M,"Zhang et al., 2003"
Agrimonia pilosa,Agrimonia pilosa,Agrimonia,Rosaceae,Eudicot,M,"Zhang et al., 2003"
Ailanthus altissima,Ailanthus altissima,Ailanthus,Simaroubaceae,Eudicot,M,"Zhang et al., 2003"
Albuca bracteata,Ornithogalum caudatum,Ornithogalum,Liliaceae,Monocot,M,"Zhang et al., 2003"
Allamanda cathartica,Allamanda cathartica,Allamanda,Apocynaceae,Eudicot,M,"Zhang et al., 2003"
Allamanda schottii,Allemanda neriifolia,Allemanda,Apocynaceae,Eudicot,M,"Zhang et al., 2003"
Allium victorialis,Allium victorialis,Allium,Liliaceae,Monocot,M,"Zhang et al., 2003"
Amaranthus blitum,Amaranthus lividus,Amaranthus,Amaranthaceae,Eudicot,M,"Zhang et al., 2003"
Amaranthus tricolor,Amaranthus tricolar,Amaranthus,Amaranthaceae,Eudicot,M,"Zhang et al., 2003"
Anemone cathayensis,Anemone cathayensis,Anemone,Ranuncalaceae,Eudicot,M,"Zhang et al., 2003"
Anemone rivularis,Anemone rivularis,Anemone,Ranuncalaceae,Eudicot,M,"Zhang et al., 2003"
Apocynum venetum,Apocynum venetum,Apocynum,Apocynaceae,Eudicot,M,"Zhang et al., 2003"
Archontophoenix alexandrae,Archontophoenix alexandrae,Archontophoenix,Palmae,Monocot,M,"Zhang et al., 2003"
Arundina graminifolia,Arundina graminifolia,Arundina,Orchidaceae,Monocot,M,"Zhang et al., 2003"
Asparagus cochinchinensis,Asparagus cochinchinensis,Asparagus,Liliaceae,Monocot,M,"Zhang et al., 2003"
Astilbe rubra,Astilbe chinensis,Astilbe,Saxifragaceae,Eudicot,M,"Zhang et al., 2003"
Astragalus dahuricus,Astragalus dahuricus,Astragalus,Fabaceae,Eudicot,B,"Zhang et al., 2003"
Astragalus strictus,Astragalus strictus,Astragalus,Fabaceae,Eudicot,B,"Zhang et al., 2003"
Bauhinia brachycarpa,Bauhnie feberi,Bauhnie,Fabaceae,Eudicot,M,"Zhang et al., 2003"
Bidens bipinnata,Bidens bipinnata,Bidens,Compsitae,Eudicot,M,"Zhang et al., 2003"
Bixa orellana,Bixa orellana,Bixa,Bixaceae,Eudicot,M,"Zhang et al., 2003"
Broussonetia papyrifera,Broussonetia papyrifera,Broussonetia,Moraceae,Eudicot,M,"Zhang et al., 2003"
Buddleja yunnanensis,Buddleja yunnanensis,Buddleja,Loganiaceae,Eudicot,M,"Zhang et al., 2003"
Bupleurum chinense,Bupleurum chinense,Bupleurum,Compsitae,Eudicot,M,"Zhang et al., 2003"
Buxus sinica,Buxus sinica,Buxus,Buxaceae,Eudicot,M,"Zhang et al., 2003"
Caesalpinia pulcherrima,Caesalpinia pulcherrima,Caesalpinia,Fabaceae,Eudicot,M,"Zhang et al., 2003"
Caesalpinia sappan,Caesalpinia sappan,Caesalpinia,Fabaceae,Eudicot,M,"Zhang et al., 2003"
Calanthe discolor,Calanthe discolor,Calanthe,Orchidaceae,Monocot,M,"Zhang et al., 2003"
Callicarpa arborea,Callicarpa arborea,Callicarpa,Verbenaceae,Eudicot,M,"Zhang et al., 2003"
Callistemon rigidus,Callistemon rigidus,Callistemon,Myrtaceae,Eudicot,M,"Zhang et al., 2003"
Campylotropis macrocarpa,Campylotropis macrocarpa,Campylotropis,Fabaceae,Eudicot,M,"Zhang et al., 2003"
Canna indica,Canna indica,Canna,Cannaceae,Monocot,M,"Zhang et al., 2003"
Cannabis sativa,Cannabis sativa,Cannabis,Cannabinaceae,Eudicot,M,"Zhang et al., 2003"
Carex baccans,Carex baccans,Carex,Cyperaceae,Monocot,B,"Zhang et al., 2003"
Cascabela thevetia,Thevetia peruviana,Thevetia,Apocynaceae,Eudicot,M,"Zhang et al., 2003"
Catalpa bungei,Catalpa bungei,Catalpa,Bignoniaceae,Eudicot,M,"Zhang et al., 2003"
Catalpa speciosa,Catalpa speciosa,Catalpa,Bignoniaceae,Eudicot,M,"Zhang et al., 2003"
Catharanthus roseus,Catharanthus roseus,Catharanthus,Apocynaceae,Eudicot,M,"Zhang et al., 2003"
Ceratophyllum demersum,Ceratophyllum demersum,Ceratophyllum,Caryophyllaceae,Eudicot,M,"Zhang et al., 2003"
Chaenomeles speciosa,Chaenomeles speciosa,Chaenomeles,Rosaceae,Eudicot,M,"Zhang et al., 2003"
Chamaerhodos erecta,Chamaerhodos erecta,Chamaerhodos,Rosaceae,Eudicot,M,"Zhang et al., 2003"
Chimonanthus praecox,Chimonanthus praecox,Chimonanthus,Calycanthaceae,Eudicot,M,"Zhang et al., 2003"
Chionanthus retusus,Chionanthus retusus,Chionanthus,Oleaceae,Eudicot,M,"Zhang et al., 2003"
Citrus japonica,Fortunella margarita,Fortunella,Rutaceae,Eudicot,M,"Zhang et al., 2003"
Clausia trichosepala,Hesperis trichosepala,Hesperis,Cruciferae,Eudicot,B,"Zhang et al., 2003"
Clematis hexapetala,Clematis hexapetala,Clematis,Ranuncalaceae,Eudicot,M,"Zhang et al., 2003"
Colutea arborescens,Colutea arborescens,Colutea,Fabaceae,Eudicot,B,"Zhang et al., 2003"
Commelina communis,Commelina communis,Commelina,Commelinaceae,Monocot,M,"Zhang et al., 2003"
Cornus officinalis,Cornus officinalis,Cornus,Cornaceae,Eudicot,M,"Zhang et al., 2003"
Cornus walteri,Swida walteri,Swida,Cornaceae,Eudicot,B,"Zhang et al., 2003"
Corydalis bungeana,Corydalis bungeana,Corydalis,Papaveraceae,Eudicot,B,"Zhang et al., 2003"
Curcuma longa,Curcuma domestica,Curcuma,Zingiberaceae,Monocot,M,"Zhang et al., 2003"
Cyclamen persicum,Cyclamen persicum,Cyclamen,Primulaceae,Eudicot,M,"Zhang et al., 2003"
Cynanchum thesioides,Cynanchum thesioides,Cynanchum,Asclepiadaceae,Eudicot,M,"Zhang et al., 2003"
Cynoglossum amabile,Cynoglossum amabile,Cynoglossum,Boraginaceae,Eudicot,M,"Zhang et al., 2003"
Deutzia grandiflora,Deutzia grandiflora,Deutzia,Saxifragaceae,Eudicot,M,"Zhang et al., 2003"
Dianthus fragrans,Dianthus fragrans,Dianthus,Caryophyllaceae,Eudicot,M,"Zhang et al., 2003"
Digitalis purpurea,Digitalis purpurea,Digitalis,Scrophulariaceae,Eudicot,M,"Zhang et al., 2003"
Dioscorea nipponica,Dioscorea nipponica,Dioscorea,Dioscoreaceae,Monocot,M,"Zhang et al., 2003"
Diospyros lotus,Diospyros lotus,Diospyros,Ebenaceae,Eudicot,M,"Zhang et al., 2003"
Doellingeria scabra,Doellingeria scabra,Doellingeria,Compsitae,Eudicot,M,"Zhang et al., 2003"
Dontostemon dentatus,Dontostemon dentatus,Dontostemon,Rosaceae,Eudicot,M,"Zhang et al., 2003"
Eichhornia crassipes,Eichhornia crassipes,Eichhornia,Pontederiaceae,Monocot,M,"Zhang et al., 2003"
Erythrina variegata,Erythrina variegata,Erythrina,Fabaceae,Eudicot,M,"Zhang et al., 2003"
Eucommia ulmoides,Eucommia ulmoides,Eucommia,Eucommiaceae,Eudicot,M,"Zhang et al., 2003"
Euphorbia milii,Euphobia milii,Euphobia,Euphorbiaceae,Eudicot,M,"Zhang et al., 2003"
Ficus elastica,Ficus elastica,Ficus,Moraceae,Eudicot,M,"Zhang et al., 2003"
Firmiana simplex,Firmiana simplex,Firmiana,Sterculiaceae,Eudicot,M,"Zhang et al., 2003"
Flueggea suffruticosa,Securinega suffruticosa,Securinega,Euphorbiaceae,Eudicot,M,"Zhang et al., 2003"
Fontanesia fortunei,Fontanesia fortunei,Fontanesia,Oleaceae,Eudicot,M,"Zhang et al., 2003"
Fraxinus excelsior,Fraxinus excelsior,Fraxinus,Oleaceae,Eudicot,M,"Zhang et al., 2003"
Freesia refracta,Freesia refracta,Freesia,Iridaceae,Monocot,M,"Zhang et al., 2003"
Galinsoga parviflora,Galinsogo parviflora,Galinsogo,Compsitae,Eudicot,M,"Zhang et al., 2003"
Galium aparine,Galium aparine,Galium,Rubiaceae,Eudicot,M,"Zhang et al., 2003"
Galphimia glauca,Malpighia glavca,Malpighia,Malpighiaceae,Eudicot,M,"Zhang et al., 2003"
Gardenia jasminoides,Gardenia jasminoides,Gardenia,Rubiaceae,Eudicot,M,"Zhang et al., 2003"
Geum aleppicum,Geum aleppicum,Geum,Rosaceae,Eudicot,M,"Zhang et al., 2003"
Grewia biloba var. parviflora,Grewia biloba var. parviflora,Grewia,Tiliaceae,Eudicot,B,"Zhang et al., 2003"
Halenia corniculata,Halenia corniculata,Halenia,Gentianaceae,Eudicot,M,"Zhang et al., 2003"
Hamelia patens,Hamelia patens,Hamelia,Rubiaceae,Eudicot,M,"Zhang et al., 2003"
Heracleum moellendorffii,Heracleum moellendorffii,Heracleum,Umbelliferae,Eudicot,M,"Zhang et al., 2003"
Humulus scandens,Humulus scandens,Humulus,Moraceae,Eudicot,M,"Zhang et al., 2003"
Hymenodictyon flaccidum,Hymenodictyon flaccidum,Hymenodictyon,Rubiaceae,Eudicot,M,"Zhang et al., 2003"
Iris domestica,Belamcanda chinensis,Belamcanda,Iridaceae,Monocot,M,"Zhang et al., 2003"
Jasminum polyanthum,Jasminum polyanthum,Jasminum,Oleaceae,Eudicot,B/M,"Zhang et al., 2003"
Juglans mandshurica,Juglans cathayansis,Juglans,Juglandaceae,Eudicot,M,"Zhang et al., 2003"
Justicia adhatoda,Adhatoda vasica,Adhatoda,Acanthaceae,Eudicot,M,"Zhang et al., 2003"
Kerria japonica,Kerria japonica,Kerria,Rosaceae,Eudicot,M,"Zhang et al., 2003"
Koelreuteria paniculata,Koelreuteria paniculata,Koelreuteria,Sapindaceae,Eudicot,M,"Zhang et al., 2003"
Kolkwitzia amabilis,Kolkwitzia amabilia,Kolkwitzia,Caprifoliaceae,Eudicot,B,"Zhang et al., 2003"
Lagerstroemia indica,Lagerstroemia indica,Lagerstroemia,Lythraceae,Eudicot,M,"Zhang et al., 2003"
Leptopus chinensis,Leptopus chinensis,Leptopus,Euphorbiaceae,Eudicot,M,"Zhang et al., 2003"
Lespedeza davurica,Lespedeza davurica,Lespedeza,Fabaceae,Eudicot,M,"Zhang et al., 2003"
Limonium sinuatum,Limonium sinuatum,Limonium,Plumbaginaceae,Eudicot,B,"Zhang et al., 2003"
Linum stelleroides,Linum stelleroides,Linum,Linaceae,Eudicot,B,"Zhang et al., 2003"
Linum usitatissimum,Linum usitatissmum,Linum,Linaceae,Eudicot,B,"Zhang et al., 2003"
Lonicera maackii,Lonicera maackii,Lonicera,Caprifoliaceae,Eudicot,B,"Zhang et al., 2003"
Loropetalum chinense,Loropetalum chinensis,Loropetalum,Hamamelidaceae,Eudicot,M,"Zhang et al., 2003"
Lychnis fulgens,Lychnis fulgens,Lychnis,Caryophyllaceae,Eudicot,M,"Zhang et al., 2003"
Lycium chinense,Lycium chinense,Lycium,Solanaceae,Eudicot,M,"Zhang et al., 2003"
Lythrum salicaria,Lythrum salicaria,Lythrum,Lythraceae,Eudicot,M,"Zhang et al., 2003"
Macleaya cordata,Macleaya cordata,Macleaya,Papaveraceae,Eudicot,M,"Zhang et al., 2003"
Malus halliana,Malus halliana,Malus,Rosaceae,Eudicot,M,"Zhang et al., 2003"
Matthiola incana,Matthiola incana,Matthiola,Cruciferae,Eudicot,M,"Zhang et al., 2003"
Melica scabrosa,Melica scabrosa,Melica,Poaceae,Monocot,M,"Zhang et al., 2003"
Mentha arvensis,Mentha haplocalyx,Mentha,Labiatae,Eudicot,M,"Zhang et al., 2003"
Mesembryanthemum cordifolium,Mesembryanthemum cordifolium,Mesembryanthemum,Aizoaceae,Eudicot,M,"Zhang et al., 2003"
Mimosa pudica,Mimosa pudica,Mimosa,Fabaceae,Eudicot,M,"Zhang et al., 2003"
Musa paradisiaca,Musa sapientum,Musa,Musaceae,Monocot,B,"Zhang et al., 2003"
Mussaenda erythrophylla,Mussaenda erythrophylla,Mussaenda,Rubiaceae,Eudicot,M,"Zhang et al., 2003"
Myripnois dioica,Myripnois dioica,Myripnois,Compsitae,Eudicot,M,"Zhang et al., 2003"
Nandina domestica,Nandina domestica,Nandina,Berberidaceae,Eudicot,M,"Zhang et al., 2003"
Nasturtium officinale,Nasturtium officinale,Nasturtium,Cruciferae,Eudicot,M,"Zhang et al., 2003"
Nelumbo nucifera,Nelumbo nucifera,Nelumbo,Nymphaeaceae,Eudicot,M,"Zhang et al., 2003"
Nymphaea odorata subsp. tuberosa,Nymphaea tuberosa,Nymphaea,Nymphaeaceae,Eudicot,M,"Zhang et al., 2003"
Nymphoides peltata,Nymphoides peltatum,Nymphoides,Gentianaceae,Eudicot,M,"Zhang et al., 2003"
Ophiopogon japonicus,Ophiopogon japonicus,Ophiopogon,Liliaceae,Monocot,M,"Zhang et al., 2003"
Orychophragmus violaceus,Orychophragmus violaceus,Orychophragmus,Cruciferae,Eudicot,M,"Zhang et al., 2003"
Oxalis oregana,Oxalis oregana,Oxalis,Oxalidaceae,Eudicot,M,"Zhang et al., 2003"
Paeonia lactiflora,Paeonia lactiflora,Paeonia,Ranuncalaceae,Eudicot,M,"Zhang et al., 2003"
Papaver rhoeas,Papaver rhoeas,Papaver,Papaveraceae,Eudicot,M,"Zhang et al., 2003"
Patrinia heterophylla,Patrinia heterophylla,Patrinia,Valerianaceae,Eudicot,B,"Zhang et al., 2003"
Patrinia scabiosifolia,Patrinia scabiosifolia,Patrinia,Valerianaceae,Eudicot,B,"Zhang et al., 2003"
Paulownia tomentosa,Paulownia tomentosa,Paulownia,Scrophulariaceae,Eudicot,M,"Zhang et al., 2003"
Pedicularis striata,Pedicularis striata,Pedicularis,Scrophulariaceae,Eudicot,M,"Zhang et al., 2003"
Pereskia aculeata,Pereskia aculeata,Pereskia,Cactaceae,Eudicot,B,"Zhang et al., 2003"
Phlox subulata,Phlox subulata,Phlox,Polemoniaceae,Eudicot,M,"Zhang et al., 2003"
Phryma leptostachya,Phryma leptostachya,Phryma,Phrymaceae,Eudicot,M,"Zhang et al., 2003"
Phyllodium pulchellum,Phyllodium pulchellum,Phyllodium,Fabaceae,Eudicot,M,"Zhang et al., 2003"
Pinellia ternata,Pinellia ternata,Pinellia,Araceae,Monocot,M,"Zhang et al., 2003"
Polygala arillata,Polygala arillata,Polygala,Polygalaceae,Eudicot,M,"Zhang et al., 2003"
Polygala sibirica,Polygala sibirica,Polygala,Polygalaceae,Eudicot,M,"Zhang et al., 2003"
Polygala tenuifolia,Polygala tenuifolia,Polygala,Polygalaceae,Eudicot,M,"Zhang et al., 2003"
Polygonatum odoratum,Polygonatum odoratum,Polygonatum,Liliaceae,Monocot,M,"Zhang et al., 2003"
Polygonum suffultum,Polygonum suffultum,Polygonum,Polygonaceae,Eudicot,M,"Zhang et al., 2003"
Portulaca grandiflora,Portulaca grandiflora,Portulaca,Portulacaceae,Eudicot,B,"Zhang et al., 2003"
Portulaca oleracea,Portulaca oleracea,Portulaca,Portulacaceae,Eudicot,M,"Zhang et al., 2003"
Potentilla discolor,Potentilla discolor,Potentilla,Rosaceae,Eudicot,M,"Zhang et al., 2003"
Primula sikkimensis,Primula sikkimensis,Primula,Primulaceae,Eudicot,M,"Zhang et al., 2003"
Punica granatum,Punica granatum,Punica,Punicaceae,Eudicot,M,"Zhang et al., 2003"
Rauvolfia verticillata,Rauvolfia verticillata,Rauvolfia,Apocynaceae,Eudicot,M,"Zhang et al., 2003"
Rehmannia glutinosa,Rehmannia glutinosa,Rehmannia,Scrophulariaceae,Eudicot,M,"Zhang et al., 2003"
Rheum officinale,Rheum officinale,Rheum,Polygonaceae,Eudicot,M,"Zhang et al., 2003"
Rhodiola rosea var. rosea,Rhodiola rosea,Rhodiola,Crassulaceae,Eudicot,M,"Zhang et al., 2003"
Ribes fasciculatum,Ribes fasciculatum,Ribes,Saxifragaceae,Eudicot,M,"Zhang et al., 2003"
Rivina humilis,Rivina humilis,Rivina,Phytolaccaceae,Eudicot,M,"Zhang et al., 2003"
Rosa xanthina,Rosa xanthina,Rosa,Rosaceae,Eudicot,M,"Zhang et al., 2003"
Sagittaria subulata,Sagittaria subulata,Sagittaria,Alismataceae,Monocot,M,"Zhang et al., 2003"
Saintpaulia ionantha,Saintpaulia ionantha,Saintpaulia,Gesneriaceae,Eudicot,M,"Zhang et al., 2003"
Salix babylonica,Salix babylonica,Salix,Salicaceae,Eudicot,M,"Zhang et al., 2003"
Salix gracilistyla,Salix gracilistyla,Salix,Salicaceae,Eudicot,M,"Zhang et al., 2003"
Salvia miltiorrhiza,Salvia miltiorrthiza,Salvia,Labiatae,Eudicot,M,"Zhang et al., 2003"
Sanguisorba officinalis,Sanguisorba officinalis,Sanguisorba,Rosaceae,Eudicot,M,"Zhang et al., 2003"
Saposhnikovia divaricata,Saposhnikovia divaricata,Saposhnikovia,Umbelliferae,Eudicot,M,"Zhang et al., 2003"
Scabiosa tschiliensis,Scabiosa tschiliensis,Scabiosa,Dipsacaceae,Eudicot,B,"Zhang et al., 2003"
Scutellaria baicalensis,Scutellaris baicalensis,Scutellaris,Labiatae,Eudicot,M,"Zhang et al., 2003"
Sedum aizoon,Sedum aizoon,Sedum,Crassulaceae,Eudicot,M,"Zhang et al., 2003"
Senna surattensis,Cassia surattensis,Cassia,Fabaceae,Eudicot,M,"Zhang et al., 2003"
Serissa japonica,Serissa japonica,Serissa,Rubiaceae,Eudicot,M,"Zhang et al., 2003"
Sinningia speciosa,Sinnigia speciosa,Sinnigia,Gesneriaceae,Eudicot,M,"Zhang et al., 2003"
Sophora flavescens,Sophora flavescens,Sophora,Fabaceae,Eudicot,M,"Zhang et al., 2003"
Sophora japonica,Sophora japonica,Sophora,Fabaceae,Eudicot,M,"Zhang et al., 2003"
Sorbaria sorbifolia,Sorbaria sorbifolia,Sorbaria,Rosaceae,Eudicot,M,"Zhang et al., 2003"
Sphallerocarpus gracilis,Sphallerocarpus gracilis,Sphallerocarpus,Umbelliferae,Eudicot,M,"Zhang et al., 2003"
Stachytarpheta jamaicensis,Stachytarpheta jamaicensis,Stachytarpheta,Verbenaceae,Eudicot,M,"Zhang et al., 2003"
Sterculia nobilis,Sterculia nobilis,Sterculia,Sterculiaceae,Eudicot,M,"Zhang et al., 2003"
Syneilesis aconitifolia,Syneilesis aconitifolia,Syneilesis,Compsitae,Eudicot,M,"Zhang et al., 2003"
Syringa oblata,Syringa oblata,Syringa,Oleaceae,Eudicot,M,"Zhang et al., 2003"
Syringa reticulata subsp. pekinensis,Syringa pekinensis,Syringa,Oleaceae,Eudicot,B,"Zhang et al., 2003"
Syzygium cumini,Syzygium cumini,Syzygium,Myrtaceae,Eudicot,M,"Zhang et al., 2003"
Tectona grandis,Tectona grandis,Tectona,Verbenaceae,Eudicot,M,"Zhang et al., 2003"
Thalictrum aquilegifolium,Thalictrum aquilegifolium,Thalictrum,Ranuncalaceae,Eudicot,M,"Zhang et al., 2003"
Thunbergia grandiflora,Thunbergia grandiflora,Thunbergia,Acanthaceae,Eudicot,M,"Zhang et al., 2003"
Tilia tuan,Tilia tuan,Tilia,Tiliaceae,Eudicot,B,"Zhang et al., 2003"
Tribulus terrestris,Tribulus terrestris,Tribulus,Zygophyllaceae,Eudicot,M,"Zhang et al., 2003"
Turnera ulmifolia,Turnera ulmifolia,Turnera,Turneraceae,Eudicot,B,"Zhang et al., 2003"
Urtica angustifolia,Urtica angustifolia,Urtica,Urticaceae,Eudicot,M,"Zhang et al., 2003"
Valeriana officinalis,Valeriana officinalis,Valeriana,Valerianaceae,Eudicot,B,"Zhang et al., 2003"
Veronica linariifolia,Veronica linariaefolia,Veronica,Labiatae,Eudicot,M,"Zhang et al., 2003"
Veronica linariifolia,Veronica linariaefolia,Veronica,Scrophulariaceae,Eudicot,M,"Zhang et al., 2003"
Viburnum sargentii,Viburnum sargentii,Viburnum,Caprifoliaceae,Eudicot,M,"Zhang et al., 2003"
Vicia gigantea,Vicia gigantea,Vicia,Fabaceae,Eudicot,B,"Zhang et al., 2003"
Vicia unijuga,Vicia unijuga,Vicia,Fabaceae,Eudicot,B,"Zhang et al., 2003"
Vitex negundo,Vitex negunda,Vitex,Verbenaceae,Eudicot,M,"Zhang et al., 2003"
Weigela florida,Weigela florida,Weigela,Caprifoliaceae,Eudicot,B,"Zhang et al., 2003"
Zantedeschia aethiopica,Zantedeschia aethiopica,Zantedeschia,Araceae,Monocot,B,"Zhang et al., 2003"
Zephyranthes minuta,Zephyranthes grandiflora,Zephyranthes,Liliaceae,Monocot,M,"Zhang et al., 2003"
Zingiber zerumbet,Zingiber zerumbet,Zingiber,Zingiberaceae,Monocot,B,"Zhang et al., 2003"
,Begonia argyrostigma,Begonia,Begoniaceae,Eudicot,M,"Zhang et al., 2003"
,Incarvillea sp.,Incarvillea,Bignoniaceae,Eudicot,B,"Zhang et al., 2003"
,Adenophora paniculata,Adenophora,Campanulaceae,Eudicot,B,"Zhang et al., 2003"
,Codonopsis lanceolata,Codonopsis,Campanulaceae,Eudicot,B,"Zhang et al., 2003"
,Codonopsis pilosula,Codonopsis,Campanulaceae,Eudicot,B,"Zhang et al., 2003"
,Atractylodes lancea,Atractylodes,Compsitae,Eudicot,M,"Zhang et al., 2003"
,Glycyrrhiza pallidiflora,Glycyrrhiza,Fabaceae,Eudicot,B,"Zhang et al., 2003"
,Vicia bungei,Vicia,Fabaceae,Eudicot,B,"Zhang et al., 2003"
,Vicia pseudorobus,Vicia,Fabaceae,Eudicot,B,"Zhang et al., 2003"
,Lysionotus paucilorus,Lysionotus,Gesneriaceae,Eudicot,M,"Zhang et al., 2003"
,Ajuga lupulina,Ajuga,Labiatae,Eudicot,M,"Zhang et al., 2003"
,Clerodendranthus spicatus,Clerodendranthus,Labiatae,Eudicot,M,"Zhang et al., 2003"
,Phlomis jeholensis,Phlomis,Labiatae,Eudicot,M,"Zhang et al., 2003"
,Malva sp.,Malva,Malvaceae,Eudicot,M,"Zhang et al., 2003"
,Osbeckia opipara,Osbeckia,Melastomataceae,Eudicot,M,"Zhang et al., 2003"
,Stephania epigaea,Stephania,Menispermaceae,Eudicot,M,"Zhang et al., 2003"
,Circaea quadrisulcata,Circaea,Onagraceae,Eudicot,M,"Zhang et al., 2003"
,Fuchsia hybrida,Fuchsia,Onagraceae,Eudicot,M,"Zhang et al., 2003"
,Dicentra spectabilis,Dicentra,Papaveraceae,Eudicot,B,"Zhang et al., 2003"
,Hepecoum leptocarpum,Hepecoum,Papaveraceae,Eudicot,M,"Zhang et al., 2003"
,Polygonum amplexicaule,Polygonum,Polygonaceae,Eudicot,M,"Zhang et al., 2003"
,Lysimachia barystachys,Lysimachia,Primulaceae,Eudicot,M,"Zhang et al., 2003"
,Primula secundiflora,Primula,Primulaceae,Eudicot,M,"Zhang et al., 2003"
,Ranunculus japonica,Ranunculus,Ranuncalaceae,Eudicot,M,"Zhang et al., 2003"
,Trollius chinensis,Trollius,Ranuncalaceae,Eudicot,M,"Zhang et al., 2003"
,Rhamnus florida,Rhamnus,Rhamnaceae,Eudicot,M,"Zhang et al., 2003"
,Spiraea fritchiana,Spiraea,Rosaceae,Eudicot,M,"Zhang et al., 2003"
,Spiraea sahcifolia,Spiraea,Rosaceae,Eudicot,M,"Zhang et al., 2003"
,Taihangia rupestris,Taihangia,Rosaceae,Eudicot,M,"Zhang et al., 2003"
,Ixora yunnanensis,Ixora,Rubiaceae,Eudicot,M,"Zhang et al., 2003"
,Mycetia gracilis,Mycetia,Rubiaceae,Eudicot,M,"Zhang et al., 2003"
,Populus tomentosa,Populus,Salicaceae,Eudicot,M,"Zhang et al., 2003"
,Saururus chinensis,Saururus,Saururaceae,Eudicot,M,"Zhang et al., 2003"
,Calceolaria crenatiflora,Calceolaria,Scrophulariaceae,Eudicot,M,"Zhang et al., 2003"
,Pedicularis likiangensis,Pedicularis,Scrophulariaceae,Eudicot,M,"Zhang et al., 2003"
,Pedicularis siphonantha,Pedicularis,Scrophulariaceae,Eudicot,M,"Zhang et al., 2003"
,Brunfelsia latifolia,Brunfelsia,Solanaceae,Eudicot,B,"Zhang et al., 2003"
,Datura sp.,Datura,Solanaceae,Eudicot,M,"Zhang et al., 2003"
,Solanum nigrum,Solanum,Solanaceae,Eudicot,M,"Zhang et al., 2003"
,Clerodendron trichotomum,Clerodendron,Verbenaceae,Eudicot,M,"Zhang et al., 2003"
,Clerodendron thomsonae,Clerodendron,Verbenaceae,Eudicot,M,"Zhang et al., 2003"
,Verbena trifolia,Verbena,Verbenaceae,Eudicot,M,"Zhang et al., 2003"
,Mesembryanthemum spectabile,Mesembryanthemum,Aizoaceae,Eudicot,B,"Zhang et al., 2003"
,Lonicera pekinensis,Lonicera,Caprifoliaceae,Eudicot,B,"Zhang et al., 2003"
,Lonicera X,Lonicera,Caprifoliaceae,Eudicot,M,"Zhang et al., 2003"
,Arenaria friderica,Arenaria,Caryophyllaceae,Eudicot,M,"Zhang et al., 2003"
,Silene fortunei,Silene,Caryophyllaceae,Eudicot,M,"Zhang et al., 2003"
,Adenocaulon himalaicum,Adenocaulon,Compsitae,Eudicot,M,"Zhang et al., 2003"
,Anaphalis sinica,Anaphalis,Compsitae,Eudicot,M,"Zhang et al., 2003"
,Aster sp.,Aster,Compsitae,Eudicot,M,"Zhang et al., 2003"
,Eupatorium japonicum,Eupatorium,Compsitae,Eudicot,M,"Zhang et al., 2003"
,Hemistepta lyrata,Hemistepta,Compsitae,Eudicot,M,"Zhang et al., 2003"
,Ligularia intermedia,Ligularia,Compsitae,Eudicot,M,"Zhang et al., 2003"
,Ligularia lapathifolia,Ligularia,Compsitae,Eudicot,M,"Zhang et al., 2003"
,Senecio rowleyanus,Senecio,Compsitae,Eudicot,M,"Zhang et al., 2003"
,Rorippa indica,Rorippa,Cruciferae,Eudicot,M,"Zhang et al., 2003"
,Arabis pendula,Arabis,Cruciferae,Eudicot,M,"Zhang et al., 2003"
,Dipsacus asperoides,Dipsacus,Dipsacaceae,Eudicot,B,"Zhang et al., 2003"
,Morina nepalensis,Morina,Dipsacaceae,Eudicot,B,"Zhang et al., 2003"
,Calliandra suriniaceae,Calliandra,Fabaceae,Eudicot,M,"Zhang et al., 2003"
,Dracocephalum rupstre,Dracocephalum,Labiatae,Eudicot,M,"Zhang et al., 2003"
,Salvia japonica,Salvia,Labiatae,Eudicot,M,"Zhang et al., 2003"
,Polygonum senticosum,Polygonum,Polygonaceae,Eudicot,M,"Zhang et al., 2003"
,Talinum patens,Talinum,Portulacaceae,Eudicot,M,"Zhang et al., 2003"
,Erysimum bungei,Erysimum,Rosaceae,Eudicot,M,"Zhang et al., 2003"
,Daphne sp.,Daphne,Thymelaeaceae,Eudicot,M,"Zhang et al., 2003"
,Trapa bispinosa,Trapa,Trapaceae,Eudicot,M,"Zhang et al., 2003"
,Pilea paperomioides,Pilea,Urticaceae,Eudicot,M,"Zhang et al., 2003"
,Micromelum paniculata,Micromelum,Rutaceae,Eudicot,M,"Zhang et al., 2003"
,Veronica didyma,Veronica,Scrophulariaceae,Eudicot,M,"Zhang et al., 2003"
,Crinum aciaticum,Crinum,Amaryllidaceae,Monocot,M,"Zhang et al., 2003"
,Crinum amabile,Crinum,Amaryllidaceae,Monocot,M,"Zhang et al., 2003"
,Lycoris aurea,Lycoris,Amaryllidaceae,Monocot,M,"Zhang et al., 2003"
,Anans sp.,Anans,Bromeliaceae,Monocot,M,"Zhang et al., 2003"
,Ottelia acuminata,Ottelia,Hydrocharitaceae,Monocot,B,"Zhang et al., 2003"
,Cucurligo capitullata,Cucurligo,Hypoxidaceae,Monocot,M,"Zhang et al., 2003"
,Allium odorum,Allium,Liliaceae,Monocot,M,"Zhang et al., 2003"
,Aloe sp.,Aloe,Liliaceae,Monocot,M,"Zhang et al., 2003"
,Diuranthera major,Diuranthera,Liliaceae,Monocot,B,"Zhang et al., 2003"
,Gagea sp.,Gagea,Liliaceae,Monocot,M,"Zhang et al., 2003"
,Heliconia aurantiaca,Heliconia,Musaceae,Monocot,M,"Zhang et al., 2003"
,Heliconia pendula,Heliconia,Musaceae,Monocot,M,"Zhang et al., 2003"
,Musa coccinea,Musa,Musaceae,Monocot,B,"Zhang et al., 2003"
,Musella lasiocarpa,Musella,Musaceae,Monocot,B,"Zhang et al., 2003"
,Liparis yunnanensis,Liparis,Orchidaceae,Monocot,M,"Zhang et al., 2003"
,Spiranthes lance,Spiranthes,Orchidaceae,Monocot,M,"Zhang et al., 2003"
,Tacca chantrieri,Tacca,Taccaceae,Monocot,M,"Zhang et al., 2003"
,Globba barthri,Globba,Zingiberaceae,Monocot,B,"Zhang et al., 2003"
,Hedychium spicatum,Hedychium,Zingiberaceae,Monocot,M,"Zhang et al., 2003"
,Costus lacerus,Costus,Zingiberaceae,Monocot,M,"Zhang et al., 2003"
,Etlingera erythrophylla,Etlingera,Zingiberaceae,Monocot,M,"Zhang et al., 2003"
,Globba racemosa,Globba,Zingiberaceae,Monocot,B,"Zhang et al., 2003"
,Zingiber purpureum,Zingiber,Zingiberaceae,Monocot,B,"Zhang et al., 2003"
,Lloydia ixiolirioides,Lloydia,Liliaceae,Monocot,B,"Zhang et al., 2003"